Chapter name,Release date,Chapter link
One Punch Man Chapter 182,"Mar 22, 2023",https://ww3.readopm.com/chapter/one-punch-man-chapter-182/
One Punch Man Chapter 181,"Mar 08, 2023",https://ww3.readopm.com/chapter/one-punch-man-chapter-181/
One Punch Man Chapter 180,"Feb 23, 2023",https://ww3.readopm.com/chapter/one-punch-man-chapter-180/
One Punch Man Chapter 179,"Feb 09, 2023",https://ww3.readopm.com/chapter/one-punch-man-chapter-179/
One Punch Man Chapter 178,"Jan 25, 2023",https://ww3.readopm.com/chapter/one-punch-man-chapter-178/
One Punch Man Chapter 177,"Jan 11, 2023",https://ww3.readopm.com/chapter/one-punch-man-chapter-177/
One Punch Man Chapter 176,"Dec 15, 2022",https://ww3.readopm.com/chapter/one-punch-man-chapter-176/
One Punch Man Chapter 175,"Nov 30, 2022",https://ww3.readopm.com/chapter/one-punch-man-chapter-175/
One Punch Man Chapter 174,"Nov 17, 2022",https://ww3.readopm.com/chapter/one-punch-man-chapter-174/
One Punch Man Chapter 173,"Nov 03, 2022",https://ww3.readopm.com/chapter/one-punch-man-chapter-173/
One Punch Man Chapter 172,"Oct 20, 2022",https://ww3.readopm.com/chapter/one-punch-man-chapter-172/
One Punch Man Chapter 171,"Sep 21, 2022",https://ww3.readopm.com/chapter/one-punch-man-chapter-171/
One Punch Man Chapter 170,"Aug 18, 2022",https://ww3.readopm.com/chapter/one-punch-man-chapter-170/
One Punch Man Chapter 169,"Aug 04, 2022",https://ww3.readopm.com/chapter/one-punch-man-chapter-169/
One Punch Man Chapter 168,"Jul 21, 2022",https://ww3.readopm.com/chapter/one-punch-man-chapter-168/
One Punch Man Chapter 167.5,"Oct 08, 2022",https://ww3.readopm.com/chapter/one-punch-man-chapter-167-5/
One Punch Man Chapter 167,"Jul 07, 2022",https://ww3.readopm.com/chapter/one-punch-man-chapter-167/
One Punch Man Chapter 166,"Jun 23, 2022",https://ww3.readopm.com/chapter/one-punch-man-chapter-166/
One Punch Man Chapter 165,"Jun 09, 2022",https://ww3.readopm.com/chapter/one-punch-man-chapter-165/
One Punch Man Chapter 164 Revised,"May 25, 2022",https://ww3.readopm.com/chapter/one-punch-man-chapter-164-revised/
One Punch Man Chapter 163.5,"May 08, 2022",https://ww3.readopm.com/chapter/one-punch-man-chapter-163-5/
One Punch Man Chapter 163,"Apr 27, 2022",https://ww3.readopm.com/chapter/one-punch-man-chapter-163/
One Punch Man Chapter 162,"Apr 07, 2022",https://ww3.readopm.com/chapter/one-punch-man-chapter-162/
One Punch Man Chapter 161,"Mar 24, 2022",https://ww3.readopm.com/chapter/one-punch-man-chapter-161/
One Punch Man Chapter 160,"Feb 26, 2022",https://ww3.readopm.com/chapter/one-punch-man-chapter-160/
One Punch Man Chapter 159,"Feb 24, 2022",https://ww3.readopm.com/chapter/one-punch-man-chapter-159/
One Punch Man Chapter 158,"Jan 29, 2022",https://ww3.readopm.com/chapter/one-punch-man-chapter-158/
One Punch Man Chapter 157,"Jan 28, 2022",https://ww3.readopm.com/chapter/one-punch-man-chapter-157/
One Punch Man Chapter 156,"Jan 14, 2022",https://ww3.readopm.com/chapter/one-punch-man-chapter-156/
One Punch Man Chapter 155,"Dec 18, 2021",https://ww3.readopm.com/chapter/one-punch-man-chapter-155/
One Punch Man Chapter 154,"Dec 03, 2021",https://ww3.readopm.com/chapter/one-punch-man-chapter-154/
One Punch Man Chapter 153,"Nov 27, 2021",https://ww3.readopm.com/chapter/one-punch-man-chapter-153/
One Punch Man Chapter 152,"Nov 13, 2021",https://ww3.readopm.com/chapter/one-punch-man-chapter-152/
One Punch Man Chapter 151,"Oct 30, 2021",https://ww3.readopm.com/chapter/one-punch-man-chapter-151/
One Punch Man Chapter 150,"Oct 09, 2021",https://ww3.readopm.com/chapter/one-punch-man-chapter-150/
One Punch Man Chapter 149,"Jul 09, 2021",https://ww3.readopm.com/chapter/one-punch-man-chapter-149/
One Punch Man Chapter 148,"Jun 25, 2021",https://ww3.readopm.com/chapter/one-punch-man-chapter-148/
One Punch Man Chapter 147,"Jun 15, 2021",https://ww3.readopm.com/chapter/one-punch-man-chapter-147/
One Punch Man Chapter 146,"May 29, 2021",https://ww3.readopm.com/chapter/one-punch-man-chapter-146/
One Punch Man Chapter 145,"May 14, 2021",https://ww3.readopm.com/chapter/one-punch-man-chapter-145/
One Punch Man Chapter 144,"Apr 30, 2021",https://ww3.readopm.com/chapter/one-punch-man-chapter-144-2/
One Punch Man Chapter 143,"Apr 19, 2021",https://ww3.readopm.com/chapter/one-punch-man-chapter-144/
One Punch Man Chapter 142,"Apr 02, 2021",https://ww3.readopm.com/chapter/one-punch-man-chapter-143/
One Punch Man Chapter 141,"Mar 23, 2021",https://ww3.readopm.com/chapter/one-punch-man-chapter-141/
One Punch Man Chapter 140,"Mar 03, 2021",https://ww3.readopm.com/chapter/one-punch-man-chapter-140/
One Punch Man Chapter 139 (183),"Jan 25, 2021",https://ww3.readopm.com/chapter/one-punch-man-chapter-139-183/
One Punch Man Chapter 138 (182),"Jan 12, 2021",https://ww3.readopm.com/chapter/one-punch-man-chapter-138-182/
One Punch Man Chapter 137.5,"Nov 17, 2022",https://ww3.readopm.com/chapter/one-punch-man-chapter-137-5/
One Punch Man Chapter 137,"Dec 24, 2020",https://ww3.readopm.com/chapter/one-punch-man-chapter-137/
One Punch Man Chapter 136 (180),"Dec 01, 2020",https://ww3.readopm.com/chapter/one-punch-man-chapter-136/
One Punch Man Chapter 135 (178+179),"Oct 02, 2020",https://ww3.readopm.com/chapter/one-punch-man-chapter-135-178/
One Punch Man Chapter 134 +134.2+134.3 (177),"Aug 20, 2020",https://ww3.readopm.com/chapter/one-punch-man-chapter-134-177/
One Punch Man Chapter 133 (176),"Jul 30, 2020",https://ww3.readopm.com/chapter/one-punch-man-chapter-133-176/
One Punch Man Chapter 132 (175),"May 28, 2020",https://ww3.readopm.com/chapter/one-punch-man-chapter-132-175/
One Punch Man Chapter 131 (174),"Apr 21, 2020",https://ww3.readopm.com/chapter/one-punch-man-chapter-131-174/
One Punch Man Chapter 130 Revised,"Nov 28, 2020",https://ww3.readopm.com/chapter/one-punch-man-chapter-130-revised/
One Punch Man Chapter 129 (172),"Mar 22, 2020",https://ww3.readopm.com/chapter/one-punch-man-chapter-129-172/
One Punch Man Chapter 128 (171),"Mar 10, 2020",https://ww3.readopm.com/chapter/one-punch-man-chapter-128/
One Punch Man Chapter 127.2 (170),"Feb 22, 2020",https://ww3.readopm.com/chapter/one-punch-man-chapter-127-2-170/
One Punch Man Chapter 127 (169),"Feb 08, 2020",https://ww3.readopm.com/chapter/one-punch-man-chapter-127/
One Punch Man Chapter 126 (168),"Jan 24, 2020",https://ww3.readopm.com/chapter/one-punch-man-chapter-126-168/
One Punch Man Chapter 125 (167),"Jan 11, 2020",https://ww3.readopm.com/chapter/one-punch-man-chapter-125-167/
One Punch Man Chapter 124 (166),"Dec 27, 2019",https://ww3.readopm.com/chapter/one-punch-man-chapter-125/
One Punch Man Chapter 123 (165) Revised,"Jan 07, 2020",https://ww3.readopm.com/chapter/one-punch-man-chapter-123-165-revised/
One Punch Man Chapter 122.5,"Dec 07, 2019",https://ww3.readopm.com/chapter/one-punch-man-chapter-122-5/
One Punch Man Chapter 122 (164) Revised,"Dec 17, 2019",https://ww3.readopm.com/chapter/one-punch-man-chapter-122-164-revised/
One Punch Man Chapter 121 (163),"Nov 15, 2019",https://ww3.readopm.com/chapter/one-punch-man-chapter-121-163/
One Punch Man Chapter 120 (162),"Nov 01, 2019",https://ww3.readopm.com/chapter/one-punch-man-chapter-120-162/
One Punch Man Chapter 119 (161),"Oct 17, 2019",https://ww3.readopm.com/chapter/one-punch-man-chapter-119-161/
One Punch Man Chapter 118 - Vol 24 Extra,"Dec 18, 2021",https://ww3.readopm.com/chapter/one-punch-man-chapter-118-vol-24-extra/
One Punch Man Chapter 118 (160),"Oct 04, 2019",https://ww3.readopm.com/chapter/one-punch-man-chapter-118-160/
One Punch Man Chapter 117 (159),"Sep 18, 2019",https://ww3.readopm.com/chapter/one-punch-man-chapter-117-159/
One Punch Man Chapter 116 (158),"Sep 05, 2019",https://ww3.readopm.com/chapter/one-punch-man-chapter-116-158/
One Punch Man Chapter 115 (157),"Aug 22, 2019",https://ww3.readopm.com/chapter/one-punch-man-chapter-115-157/
One Punch Man Chapter 114 (156),"Aug 09, 2019",https://ww3.readopm.com/chapter/one-punch-man-chapter-114/
One Punch Man Chapter 113 (155) Revised,"Feb 16, 2021",https://ww3.readopm.com/chapter/one-punch-man-chapter-113-155-revised/
One Punch Man Chapter 112 Revised,"Nov 14, 2020",https://ww3.readopm.com/chapter/one-punch-man-chapter-112-revised/
One Punch Man Chapter 111.5,"Jul 13, 2019",https://ww3.readopm.com/chapter/one-punch-man-chapter-111-5/
One Punch Man Chapter 111 Revised,"Nov 03, 2020",https://ww3.readopm.com/chapter/one-punch-man-chapter-111/
One Punch Man Chapter 110 Revised,"Sep 04, 2021",https://ww3.readopm.com/chapter/one-punch-man-chapter-110/
One Punch Man Chapter 109 (151) Revised,"Aug 10, 2021",https://ww3.readopm.com/chapter/one-punch-man-chapter-109-151-revised/
One Punch Man Chapter 108 (150) Revised,"Jul 30, 2021",https://ww3.readopm.com/chapter/one-punch-man-chapter-108-150-revised/
One Punch Man Chapter 107 (149),"Apr 18, 2019",https://ww3.readopm.com/chapter/one-punch-man-chapter-107-149/
One Punch Man Chapter 106.5 (Omake),"Sep 23, 2020",https://ww3.readopm.com/chapter/one-punch-man-chapter-106-5-omake/
One Punch Man Chapter 106 (148),"Apr 05, 2019",https://ww3.readopm.com/chapter/one-punch-man-chapter-106-148/
One Punch Man Chapter 105 (147),"Mar 20, 2019",https://ww3.readopm.com/chapter/one-punch-man-chapter-105-147/
One Punch Man Chapter 104 Revised,"Aug 20, 2020",https://ww3.readopm.com/chapter/one-punch-man-chapter-104/
One Punch Man Chapter 103 Revised,"May 08, 2020",https://ww3.readopm.com/chapter/one-punch-man-chapter-103/
One Punch Man Chapter 102 (144),"Feb 12, 2019",https://ww3.readopm.com/chapter/one-punch-man-chapter-102-144/
One Punch Man Chapter 101 (143) Revised,"Jun 09, 2020",https://ww3.readopm.com/chapter/one-punch-man-chapter-101-143-revised/
One Punch Man Chapter 100.2 (142) Revised,"Jun 09, 2020",https://ww3.readopm.com/chapter/one-punch-man-chapter-100-2-142-revised/
One Punch Man Chapter 100 (141) Revised,"Jun 09, 2020",https://ww3.readopm.com/chapter/one-punch-man-chapter-100-141-revised/
One Punch Man Chapter 099 (140) Revised,"Jun 09, 2020",https://ww3.readopm.com/chapter/one-punch-man-chapter-099-140-revised/
One Punch Man Chapter 98 Revised,"Jul 01, 2020",https://ww3.readopm.com/chapter/one-punch-man-chapter-98/
One Punch Man Chapter 097 (138),"Sep 29, 2018",https://ww3.readopm.com/chapter/one-punch-man-chapter-097-138/
One Punch Man Chapter 096 (137),"Jan 30, 2019",https://ww3.readopm.com/chapter/one-punch-man-chapter-96/
One Punch Man Chapter 095 (136),"Aug 26, 2018",https://ww3.readopm.com/chapter/one-punch-man-chapter-095-136/
One Punch Man Chapter 094.5,"Apr 17, 2019",https://ww3.readopm.com/chapter/one-punch-man-chapter-094-5/
One Punch Man Chapter 094 (135),"Aug 11, 2018",https://ww3.readopm.com/chapter/one-punch-man-chapter-094-135/
One Punch Man Chapter 093 (134),"Jun 23, 2018",https://ww3.readopm.com/chapter/one-punch-man-chapter-093-134/
One Punch Man Chapter 092 (133),"May 12, 2018",https://ww3.readopm.com/chapter/one-punch-man-chapter-092-133/
One Punch Man Chapter 091 (132),"Apr 23, 2018",https://ww3.readopm.com/chapter/one-punch-man-chapter-091-132/
One Punch Man Chapter 090 (131),"Apr 05, 2018",https://ww3.readopm.com/chapter/one-punch-man-chapter-090-131/
One Punch Man Chapter 089 (130),"Mar 13, 2018",https://ww3.readopm.com/chapter/one-punch-man-chapter-089-130/
One Punch Man Chapter 088 (129),"Feb 12, 2018",https://ww3.readopm.com/chapter/one-punch-man-chapter-088-129/
One Punch Man Chapter 087.5,"Jan 02, 2019",https://ww3.readopm.com/chapter/one-punch-man-chapter-087-5/
One Punch Man Chapter 087 (128),"Feb 01, 2018",https://ww3.readopm.com/chapter/one-punch-man-chapter-087-128/
One Punch Man Chapter 086 (127),"Jan 19, 2018",https://ww3.readopm.com/chapter/one-punch-man-chapter-086-127/
One Punch Man Chapter 085 (126),"Dec 28, 2017",https://ww3.readopm.com/chapter/one-punch-man-chapter-085-126/
One Punch Man Chapter 084.5,"Aug 11, 2018",https://ww3.readopm.com/chapter/one-punch-man-chapter-084-5/
One Punch Man Chapter 084 (125),"Nov 30, 2017",https://ww3.readopm.com/chapter/one-punch-man-chapter-084-125/
One Punch Man Chapter 083 (124),"Nov 03, 2017",https://ww3.readopm.com/chapter/one-punch-man-chapter-083-124/
One Punch Man Chapter 082 (123),"Oct 11, 2017",https://ww3.readopm.com/chapter/one-punch-man-chapter-082-123/
One Punch Man Chapter 081 (122),"Aug 27, 2017",https://ww3.readopm.com/chapter/one-punch-man-chapter-081-122/
One Punch Man Chapter 080.9,"Aug 12, 2018",https://ww3.readopm.com/chapter/one-punch-man-chapter-080-9/
One Punch Man Chapter 080 (121),"Aug 09, 2017",https://ww3.readopm.com/chapter/one-punch-man-chapter-080-121/
One Punch Man Chapter 079 (120),"Jul 26, 2017",https://ww3.readopm.com/chapter/one-punch-man-chapter-079-120/
One Punch Man Bonus Chapter: Sonic,"Aug 02, 2018",https://ww3.readopm.com/chapter/one-punch-man-chapter-078-5/
One Punch Man Chapter 078 (119),"Jul 04, 2017",https://ww3.readopm.com/chapter/one-punch-man-chapter-078-119/
One Punch Man Chapter 077 (118),"Jun 12, 2017",https://ww3.readopm.com/chapter/one-punch-man-chapter-077-118/
One Punch Man Chapter 076 (117),"Jun 06, 2017",https://ww3.readopm.com/chapter/one-punch-man-chapter-076-117/
One Punch Man Chapter 075(116),"Apr 22, 2017",https://ww3.readopm.com/chapter/one-punch-man-chapter-075/
One Punch Man Chapter 074(114),"Apr 22, 2017",https://ww3.readopm.com/chapter/one-punch-man-chapter-074/
One Punch Man Chapter 073 (112),"Feb 18, 2017",https://ww3.readopm.com/chapter/one-punch-man-chapter-073/
One Punch Man Special - One-Shot,"Apr 03, 2017",https://ww3.readopm.com/chapter/one-punch-man-special-one-shot/
One Punch Man Chapter 072 (110),"Feb 18, 2017",https://ww3.readopm.com/chapter/one-punch-man-chapter-072/
One Punch Man Chapter 071.5,"Oct 17, 2018",https://ww3.readopm.com/chapter/one-punch-man-chapter-071-5/
One Punch Man Chapter 071,"Jan 31, 2017",https://ww3.readopm.com/chapter/one-punch-man-chapter-071/
One Punch Man Chapter 070,"Jan 12, 2017",https://ww3.readopm.com/chapter/one-punch-man-chapter-070/
One Punch Man Chapter 069,"Jan 12, 2017",https://ww3.readopm.com/chapter/one-punch-man-chapter-069/
One Punch Man Chapter 068,"Jan 12, 2017",https://ww3.readopm.com/chapter/one-punch-man-chapter-068/
One Punch Man Chapter 0067.5,"Feb 25, 2018",https://ww3.readopm.com/chapter/one-punch-man-chapter-0067-5/
One Punch Man Chapter 067,"Jan 12, 2017",https://ww3.readopm.com/chapter/one-punch-man-chapter-067/
One Punch Man Chapter 066,"Jan 12, 2017",https://ww3.readopm.com/chapter/one-punch-man-chapter-066/
One Punch Man Chapter 065,"Jan 12, 2017",https://ww3.readopm.com/chapter/one-punch-man-chapter-065/
One Punch Man Chapter 064,"Jan 12, 2017",https://ww3.readopm.com/chapter/one-punch-man-chapter-064/
One Punch Man Chapter 063,"Jan 12, 2017",https://ww3.readopm.com/chapter/one-punch-man-chapter-063/
One Punch Man Chapter 062,"Jan 12, 2017",https://ww3.readopm.com/chapter/one-punch-man-chapter-062/
One Punch Man Chapter 061.001,"Jul 22, 2017",https://ww3.readopm.com/chapter/one-punch-man-chapter-061-001/
One Punch Man Chapter 061,"Jan 12, 2017",https://ww3.readopm.com/chapter/one-punch-man-chapter-061/
One Punch Man Chapter 060,"Jan 12, 2017",https://ww3.readopm.com/chapter/one-punch-man-chapter-060/
One Punch Man Chapter 059,"Jan 12, 2017",https://ww3.readopm.com/chapter/one-punch-man-chapter-059/
One Punch Man Chapter 058,"Jan 12, 2017",https://ww3.readopm.com/chapter/one-punch-man-chapter-058/
One Punch Man Chapter 057,"Jan 12, 2017",https://ww3.readopm.com/chapter/one-punch-man-chapter-057/
One Punch Man Chapter 056,"Jan 12, 2017",https://ww3.readopm.com/chapter/one-punch-man-chapter-056/
One Punch Man Chapter 055.003,"Jul 22, 2017",https://ww3.readopm.com/chapter/one-punch-man-chapter-055-003/
One Punch Man Chapter 055.002,"Jul 22, 2017",https://ww3.readopm.com/chapter/one-punch-man-chapter-055-002/
One Punch Man Chapter 055.001,"Jul 22, 2017",https://ww3.readopm.com/chapter/one-punch-man-chapter-055-001/
One Punch Man Chapter 055,"Jan 12, 2017",https://ww3.readopm.com/chapter/one-punch-man-chapter-055/
One Punch Man Chapter 054,"Jan 12, 2017",https://ww3.readopm.com/chapter/one-punch-man-chapter-054/
One Punch Man Chapter 053,"Jan 12, 2017",https://ww3.readopm.com/chapter/one-punch-man-chapter-053/
One Punch Man Chapter 052,"Jan 12, 2017",https://ww3.readopm.com/chapter/one-punch-man-chapter-052/
One Punch Man Chapter 051,"Jan 12, 2017",https://ww3.readopm.com/chapter/one-punch-man-chapter-051/
One Punch Man Chapter 050,"Jan 12, 2017",https://ww3.readopm.com/chapter/one-punch-man-chapter-050/
One Punch Man Chapter 049,"Jan 12, 2017",https://ww3.readopm.com/chapter/one-punch-man-chapter-049/
One Punch Man Chapter 048,"Jan 12, 2017",https://ww3.readopm.com/chapter/one-punch-man-chapter-048/
One Punch Man Chapter 047.001,"Jul 22, 2017",https://ww3.readopm.com/chapter/one-punch-man-chapter-047-001/
One Punch Man Chapter 047,"Jan 12, 2017",https://ww3.readopm.com/chapter/one-punch-man-chapter-047/
One Punch Man Chapter 046,"Jan 12, 2017",https://ww3.readopm.com/chapter/one-punch-man-chapter-046/
One Punch Man Chapter 045,"Jan 12, 2017",https://ww3.readopm.com/chapter/one-punch-man-chapter-045/
One Punch Man Chapter 044,"Jan 12, 2017",https://ww3.readopm.com/chapter/one-punch-man-chapter-044/
One Punch Man Chapter 043,"Jan 12, 2017",https://ww3.readopm.com/chapter/one-punch-man-chapter-043/
One Punch Man Chapter 042,"Jan 12, 2017",https://ww3.readopm.com/chapter/one-punch-man-chapter-042/
One Punch Man Chapter 041,"Jan 12, 2017",https://ww3.readopm.com/chapter/one-punch-man-chapter-041/
One Punch Man Chapter 040.002,"Jul 22, 2017",https://ww3.readopm.com/chapter/one-punch-man-chapter-040-002/
One Punch Man Chapter 040.001,"Jan 12, 2017",https://ww3.readopm.com/chapter/one-punch-man-chapter-040-001/
One Punch Man Chapter 040,"Jan 12, 2017",https://ww3.readopm.com/chapter/one-punch-man-chapter-040/
One Punch Man Chapter 039,"Jan 12, 2017",https://ww3.readopm.com/chapter/one-punch-man-chapter-039/
One Punch Man Chapter 038,"Jan 12, 2017",https://ww3.readopm.com/chapter/one-punch-man-chapter-038/
One Punch Man Chapter 037.003,"Jan 12, 2017",https://ww3.readopm.com/chapter/one-punch-man-chapter-037-003/
One Punch Man Chapter 037.002,"Jan 12, 2017",https://ww3.readopm.com/chapter/one-punch-man-chapter-037-002/
One Punch Man Chapter 037.001,"Jan 12, 2017",https://ww3.readopm.com/chapter/one-punch-man-chapter-037-001/
One Punch Man Chapter 037,"Jan 12, 2017",https://ww3.readopm.com/chapter/one-punch-man-chapter-037/
One Punch Man Chapter 036,"Jan 12, 2017",https://ww3.readopm.com/chapter/one-punch-man-chapter-036/
One Punch Man Chapter 035,"Jan 12, 2017",https://ww3.readopm.com/chapter/one-punch-man-chapter-035/
One Punch Man Chapter 034.001,"Jan 12, 2017",https://ww3.readopm.com/chapter/one-punch-man-chapter-034-001/
One Punch Man Chapter 034,"Jan 12, 2017",https://ww3.readopm.com/chapter/one-punch-man-chapter-034/
One Punch Man Chapter 033,"Jan 12, 2017",https://ww3.readopm.com/chapter/one-punch-man-chapter-033/
One Punch Man Chapter 032,"Jan 12, 2017",https://ww3.readopm.com/chapter/one-punch-man-chapter-032/
One Punch Man Chapter 031,"Jan 12, 2017",https://ww3.readopm.com/chapter/one-punch-man-chapter-031/
One Punch Man Chapter 030,"Jan 12, 2017",https://ww3.readopm.com/chapter/one-punch-man-chapter-030/
One Punch Man Chapter 029.001,"Jul 22, 2017",https://ww3.readopm.com/chapter/one-punch-man-chapter-029-001/
One Punch Man Chapter 029,"Jan 12, 2017",https://ww3.readopm.com/chapter/one-punch-man-chapter-029/
One Punch Man Chapter 028,"Jan 12, 2017",https://ww3.readopm.com/chapter/one-punch-man-chapter-028/
One Punch Man Chapter 027,"Jan 12, 2017",https://ww3.readopm.com/chapter/one-punch-man-chapter-027/
One Punch Man Chapter 026,"Jan 12, 2017",https://ww3.readopm.com/chapter/one-punch-man-chapter-026/
One Punch Man Chapter 025,"Jan 12, 2017",https://ww3.readopm.com/chapter/one-punch-man-chapter-025/
One Punch Man Chapter 024.001,"Jan 12, 2017",https://ww3.readopm.com/chapter/one-punch-man-chapter-024-001/
One Punch Man Chapter 024,"Jan 12, 2017",https://ww3.readopm.com/chapter/one-punch-man-chapter-024/
One Punch Man Chapter 023,"Jan 12, 2017",https://ww3.readopm.com/chapter/one-punch-man-chapter-023/
One Punch Man Chapter 022,"Jan 12, 2017",https://ww3.readopm.com/chapter/one-punch-man-chapter-022/
One Punch Man Chapter 021,"Jan 12, 2017",https://ww3.readopm.com/chapter/one-punch-man-chapter-021/
One Punch Man Chapter 020.002,"Jul 22, 2017",https://ww3.readopm.com/chapter/one-punch-man-chapter-020-002/
One Punch Man Chapter 020.001,"Jan 12, 2017",https://ww3.readopm.com/chapter/one-punch-man-chapter-020-001/
One Punch Man Chapter 020,"Jan 12, 2017",https://ww3.readopm.com/chapter/one-punch-man-chapter-020/
One Punch Man Chapter 019,"Jan 12, 2017",https://ww3.readopm.com/chapter/one-punch-man-chapter-019/
One Punch Man Chapter 018,"Jan 12, 2017",https://ww3.readopm.com/chapter/one-punch-man-chapter-018/
One Punch Man Chapter 017,"Jan 12, 2017",https://ww3.readopm.com/chapter/one-punch-man-chapter-017/
One Punch Man Chapter 016,"Jan 12, 2017",https://ww3.readopm.com/chapter/one-punch-man-chapter-016/
One Punch Man Chapter 015.5,"Jul 20, 2017",https://ww3.readopm.com/chapter/one-punch-man-chapter-015-5/
One Punch Man Chapter 015,"Jan 12, 2017",https://ww3.readopm.com/chapter/one-punch-man-chapter-015/
One Punch Man Chapter 014,"Jan 12, 2017",https://ww3.readopm.com/chapter/one-punch-man-chapter-014/
One Punch Man Chapter 013,"Jan 12, 2017",https://ww3.readopm.com/chapter/one-punch-man-chapter-013/
One Punch Man Chapter 012,"Jan 12, 2017",https://ww3.readopm.com/chapter/one-punch-man-chapter-012/
One Punch Man Chapter 011,"Jan 12, 2017",https://ww3.readopm.com/chapter/one-punch-man-chapter-011/
One Punch Man Chapter 010,"Jan 12, 2017",https://ww3.readopm.com/chapter/one-punch-man-chapter-010/
One Punch Man Chapter 009,"Jan 12, 2017",https://ww3.readopm.com/chapter/one-punch-man-chapter-009/
One Punch Man Chapter 008.5,"Jul 20, 2017",https://ww3.readopm.com/chapter/one-punch-man-chapter-008-5/
One Punch Man Chapter 008,"Jan 12, 2017",https://ww3.readopm.com/chapter/one-punch-man-chapter-008/
One Punch Man Chapter 007,"Jan 12, 2017",https://ww3.readopm.com/chapter/one-punch-man-chapter-007/
One Punch Man Chapter 006,"Jan 12, 2017",https://ww3.readopm.com/chapter/one-punch-man-chapter-006/
One Punch Man Chapter 005,"Jan 12, 2017",https://ww3.readopm.com/chapter/one-punch-man-chapter-005/
One Punch Man Chapter 004,"Jan 12, 2017",https://ww3.readopm.com/chapter/one-punch-man-chapter-004/
One Punch Man Chapter 003,"Jan 12, 2017",https://ww3.readopm.com/chapter/one-punch-man-chapter-003/
One Punch Man Chapter 002,"Jan 12, 2017",https://ww3.readopm.com/chapter/one-punch-man-chapter-002/
One Punch Man Chapter 001,"Jan 12, 2017",https://ww3.readopm.com/chapter/one-punch-man-chapter-001/
